Date,Open,High,Low,Close,Adj Close,Volume,VWAP,Bid,Ask,Split,Dividend
2024-01-01,102.12109865362285,102.45332032357054,100.79964486843448,101.04889100241274,101.15494714034433,275915.0,101.69572205091019,100.99560934250611,101.09267143315499,1.0,0.0
2024-01-02,101.34071243837501,101.58754060556267,100.72706931674375,100.82024543352324,100.76628288812904,719961.0,101.36277591366566,100.76859223000511,100.9230744799619,1.0,0.0
2024-01-03,101.40953303726597,102.4884946969135,100.97430472893056,102.18582339230875,102.32044238963773,554179.0,101.70203622513314,102.1595064328651,102.24129257123198,1.0,0.0
2024-01-04,105.14385338714398,105.85436142403437,104.77568699071324,105.3990424250925,105.41986923421065,142828.0,105.50933026670954,105.32215859863005,105.48850160170971,1.0,0.0
2024-01-05,105.62394106382403,105.64956629167587,104.65697991121223,104.95907197137993,105.17688942666919,935036.0,105.28372392438331,104.87392778528273,104.96227275125817,1.0,0.0
2024-01-08,104.15114091635643,104.9552309908463,104.08760360936489,104.52097241984796,104.44893783892132,372670.0,104.27612859486972,104.42331745666294,104.65915952640421,1.0,0.0
2024-01-09,108.16833154802914,108.31460586603104,106.54729239050053,107.92882699663843,108.11618753362269,955342.0,107.69714133986737,107.81553905246986,108.04913368014955,1.0,0.0
2024-01-10,110.07768942794438,110.10533990299133,109.60031847411878,109.65298474771565,109.6746862558361,125592.0,109.77564355182209,109.50160404933568,109.73481435203631,1.0,0.0
2024-01-11,108.17883981399767,108.81239304039919,107.55720453866388,108.68254563036497,108.6117478634627,391126.0,108.28876195156428,108.38262556009705,108.70111207595939,1.0,0.0
2024-01-12,109.89053536220398,110.42206320883707,109.50417319314815,109.92325146561879,109.87006116140138,886639.0,109.96858389372726,109.80636184462719,110.06177756121602,1.0,0.0
2024-01-15,107.197717752157,109.27785430441463,107.17896432051266,108.96361884728418,108.92871264529535,332041.0,108.28177179147742,108.82972430683769,108.99557374732471,1.0,0.55
2024-01-16,107.45416226560472,108.41530843282433,106.50276277139666,108.00736933721507,108.05318238524838,450877.0,107.70436092136913,107.98439132687295,108.13514367453135,1.0,0.0
2024-01-17,108.44846313842831,108.8575513868105,108.10849506915078,108.58558944640038,108.64236184605221,854296.0,107.97234279481418,108.41558004318796,108.6422604625266,1.0,0.0
2024-01-18,103.9089090337963,105.07232995990186,102.96726127208962,104.56125792944356,104.50127113535761,224982.0,104.10717464371992,104.4255630357006,104.62031560743075,1.0,0.0
2024-01-19,101.8910056985633,101.94161104105602,100.70844985638503,101.06609849046282,101.06363706684267,356911.0,101.09567510000863,100.80901990042925,101.13788902448864,1.0,0.0
2024-01-22,99.27091193532026,100.36152218827092,98.99172898643855,99.98588166824844,100.200078458826,168619.0,99.59755736834325,99.9676035582565,100.07138045875655,1.0,0.0
2024-01-23,97.81419638501319,98.8481419645408,97.5049041110963,98.02988393479846,98.19923479125579,784688.0,98.02500663855363,98.02065906309201,98.13267063191881,1.0,0.0
2024-01-24,98.76179169916395,99.03010782985118,98.21733064677201,98.69727300691652,98.74033696326171,408623.0,98.8692718481795,98.66547870931765,98.81581140910735,1.0,0.39
2024-01-25,97.66833089659822,97.99191767934158,96.66804980045751,96.96953290842755,96.97321808795442,601643.0,97.31859587819113,96.89372219438141,96.9879379701123,1.0,0.0
2024-01-26,93.63886815831836,94.58507487118693,92.90369783069458,94.31599197395005,94.32731284759743,251175.0,93.9095690857889,94.26245003490519,94.45181393617732,1.0,0.0
2024-01-29,97.73529071884809,98.10827749664062,96.81688643798364,97.17016664071143,97.22978228435872,270963.0,97.61223415434245,97.072656528756,97.23758994107105,1.0,0.0
2024-01-30,96.7857114864504,97.65914547776026,96.66098446144933,96.78075966935431,96.68177302791024,241826.0,97.2097645992776,96.71998943128833,96.82479219455489,1.0,0.0
2024-01-31,96.48418897332235,97.74905726068215,96.44828072812624,96.96002448752398,96.9350692521529,855343.0,96.8865452083637,96.92704666638235,97.00414722669882,1.0,0.0
2024-02-01,94.50111783580479,94.52383824185767,93.99067970247025,94.28327469180479,94.12595512122103,967869.0,94.34249451835181,94.23212902606,94.35500283794002,1.0,0.0
2024-02-02,93.40183205158864,93.52312483901768,93.22605630442843,93.30896178395369,93.34621287904415,198540.0,93.3668653958494,93.21026743496964,93.46426897600102,1.0,0.0
2024-02-05,93.28217244014093,93.98601550056003,92.6593533264601,93.56296278684916,93.62351635647137,959414.0,93.27129823314027,93.55912526254012,93.70909937954609,1.0,0.0
2024-02-06,91.51141205709224,91.80360454525089,91.30558324565023,91.4794847632408,91.43528311462508,727035.0,91.38423457861951,91.39509377397837,91.53387899855767,1.0,0.0
2024-02-07,92.03788364746886,92.98163303564931,91.75689854856267,92.21554316057768,92.36068920488204,286994.0,91.82883578129174,92.10730728795862,92.40900172819207,1.0,0.0
2024-02-08,91.21171558421258,91.241851843213,90.9048219782878,91.15997439278138,91.04823362633053,410375.0,90.93335960851441,91.08140175319284,91.22182910961799,1.0,0.0
2024-02-09,90.97522654662833,91.52608891225346,90.18503380353533,90.67503294300448,90.54225070250055,129301.0,90.51720267236125,90.64206840285637,90.68189453076008,1.0,0.0
2024-02-12,90.34599807217376,90.64045199086809,89.26143970332359,89.63518353018799,89.65530231013828,322724.0,90.19663066822946,89.58109566169244,89.66759967102615,1.0,0.0
2024-02-13,92.48857937657658,93.08661885319792,92.27623481054728,93.06456316999342,93.16201091612206,614003.0,92.76394230828862,93.03877844615327,93.24770482547972,1.0,0.0
2024-02-14,94.07875311187676,94.48348619471031,93.05331842948752,93.08597564802834,93.24272570010844,293783.0,93.65178858288775,93.03719891575201,93.08772383097859,1.0,0.0
2024-02-15,90.29308979600223,91.35840144162609,89.54322332241418,91.18307665329131,91.14123417437514,796683.0,90.46444745485329,91.0684402612466,91.24268411377787,1.0,0.0
2024-02-16,92.67150181178611,93.20851345661332,92.47243498392251,92.74188599168124,92.84192488655674,118752.0,92.77910951896276,92.69701999529401,92.76203085642231,1.0,0.0
2024-02-19,90.81646575906476,91.07842216264092,90.45607412621813,90.55010483544638,90.54661788949603,837565.0,90.57140031969416,90.52878792620223,90.58149250655093,1.0,0.0
2024-02-20,91.10243996695922,91.4831079193106,90.85109040550576,90.97462431893987,90.95891961518056,984884.0,91.13452281364675,90.94860694639678,91.14973333822724,1.0,0.77
2024-02-21,87.24924056315294,88.0161088323241,86.6922638450009,87.52173928829636,87.59907874296458,768755.0,87.41277760881641,87.48420620868849,87.52862004076025,1.0,0.0
2024-02-22,85.1813350347029,85.49595021839126,84.72090583790303,85.27006802693231,85.32569164315015,317029.0,85.02034173632518,85.15683479006782,85.54759202302323,1.0,0.0
2024-02-23,85.43814530934122,86.26661767147648,84.9882481767612,85.6492711630223,85.5142543237095,156273.0,85.43486090088342,85.55649770564504,85.75585811796113,1.0,0.0
2024-02-26,86.71083721041417,88.04187291503436,86.69368790787968,86.96711397035055,87.09552442322699,,87.27099962911076,86.90304027466456,87.12494824124238,1.0,0.0
2024-02-27,87.68022818204268,88.02958797122687,87.01183033120826,87.30933720216034,87.42983206356939,716166.0,87.49849461076045,87.2598362151653,87.47840206873299,1.0,0.0
2024-02-28,87.30676339793145,87.55867489628791,87.13885187137181,87.15119177251597,87.09667323755099,891327.0,87.15252170233504,87.1451104308986,87.21586518773418,1.0,0.0
2024-02-29,86.37098602326947,86.75925377134861,86.358135687727,86.67126277130744,86.7055675633598,219968.0,86.47578239973136,86.5809496268694,86.68750668902085,1.0,0.0
2024-03-01,84.56663865683218,84.72357145164402,83.79300025598224,84.18796125952196,84.22955265370577,477844.0,84.1473707801652,84.14948413380826,84.30268199385628,1.0,0.0
2024-03-04,83.15367212672068,83.40479005764848,82.81187680572967,83.026102718792,83.0477454456494,700847.0,83.08794463564607,83.00103842485484,83.09513908451875,1.0,0.0
2024-03-05,82.64037372428784,82.67615278627517,82.26630064239636,82.30585715708003,82.26056381969482,110699.0,82.60934346163505,82.28580477533559,82.31463053024557,1.0,0.0
2024-03-06,84.37135238175887,84.43702587618428,83.91217081070113,84.10657276172822,84.05008482206426,296133.0,84.20212034193068,84.0679601857871,84.18690750096,1.0,0.0
2024-03-07,84.37772918479408,85.223653093658,84.19442015974359,84.72892847974649,84.72676331069309,634003.0,85.03125691723997,84.65630799323321,84.90773654404447,1.0,0.0
2024-03-08,81.60507434655322,81.93838615766708,81.47892427594553,81.83428441940241,81.93025385951137,119169.0,81.783029392366,81.82046254490807,81.92991140720468,1.0,0.0
2024-03-11,82.7155377178818,82.85516264652449,82.31609668280306,82.40762426474957,82.45242106203965,618652.0,82.61158166362883,82.34301373095299,82.51316654879354,1.0,0.0
2024-03-12,82.06597676064919,82.23498218829945,81.62043845094057,81.81628562079347,81.78596333274434,218413.0,81.78557833722792,81.76648905244859,81.84752627445641,1.0,0.0
2024-03-13,80.74801349138193,80.95333993038768,80.24101442853345,80.75645318435414,80.81877283515304,743552.0,80.63621802762758,80.66421876403292,80.7696214178122,1.0,0.0
2024-03-14,81.83932429502148,82.01632564406867,81.42548681289429,81.79134247407251,81.55835634903656,367926.0,81.64072281201801,81.62654285163593,81.791974657537,1.0,0.0
2024-03-15,84.0708080182039,84.23661756987518,83.45909200714271,83.537145625901,83.63311023350303,843537.0,83.46284141612007,83.40494839672415,83.65281505229439,1.0,0.0
2024-03-18,84.89835802856254,85.32945480488593,84.71169580445434,85.15022019867558,85.00208318732996,622988.0,85.18810049661435,85.10649594574474,85.23222743894435,1.0,0.0
2024-03-19,84.00399816564823,84.12570939838412,83.1687315517972,83.7748332063724,83.74446977695919,224481.0,83.68263137491087,83.73886607162913,83.84036766307275,1.0,0.0
2024-03-20,83.21577394171813,84.16439146796779,83.13399165247137,83.29998716848465,83.20671868062935,315400.0,83.32661990761723,83.26812980328761,83.38992539014903,1.0,0.0
2024-03-21,83.80432901139457,84.26105936161147,83.37196381502338,83.895641532366,83.78702339938033,659873.0,83.86855397003639,83.8546086115312,83.96992767977352,1.0,0.0
2024-03-22,86.0616082025521,86.20189875000331,84.95562326716386,85.59137907228069,85.69073583787647,917114.0,85.79047243925449,85.56593192969537,85.65892214176586,1.0,0.0
2024-03-25,85.16747995035631,85.67900176351624,84.70417888912208,84.81743147725382,84.77776226265972,278936.0,85.03743226113028,84.73913374032189,84.8241320614322,1.0,0.0
2024-03-26,84.88922744794434,85.062433463726,84.16926455432233,84.54533522352811,84.5746305103653,492136.0,84.66612462385984,84.5027397264493,84.63660560083807,1.0,0.0
2024-03-27,83.276582348728,84.1252225771815,82.70248896844748,82.73652842653617,82.73264638072794,970848.0,83.33438639535129,82.66472578326417,82.85450546904414,1.0,0.0
2024-03-28,80.8295069384931,81.2369225358076,80.3904531299156,80.82101917905592,80.85957410490212,548330.0,80.76125413106742,80.79046187503701,80.92675118234035,1.0,0.0
2024-03-29,82.46645060414431,83.23783845187387,81.97364503804496,82.18621493676625,82.19252863721678,489954.0,82.51590178893238,82.13730577280259,82.22963218602084,1.0,0.0
2024-04-01,84.35717340638035,84.63673665487293,83.7627305743725,84.48824287181094,84.37984511317104,138067.0,84.03143499783968,84.385802818476,84.5739228155424,1.0,0.0
2024-04-02,84.54565668733656,84.55344265715505,83.43860748451833,84.40884415170444,84.49293788240068,798045.0,84.02750866758507,84.28577983561424,84.42670852199107,1.0,0.0
2024-04-03,86.10710389472385,86.88540736530176,85.9508890066199,86.16317158634513,86.12062795314831,877622.0,86.38113084171464,86.11874033771628,86.31188127370422,1.0,0.0
2024-04-04,86.87414180723836,87.01614948238363,86.6386105829445,86.83203002451584,86.69686885835581,118073.0,86.61556710708825,86.8147731105734,86.84277360712548,1.0,0.0
2024-04-05,86.01696414053164,86.11119595218025,85.13853156230502,85.76175558378418,85.72503967598772,136035.0,85.79726972931356,85.73601371386667,85.79232721722072,1.0,0.0
2024-04-08,86.07350024373797,86.78549789813358,85.3937037263852,86.42708237569455,86.55678866574583,296049.0,86.14461230672191,86.40269199249546,86.4801310489314,1.0,0.0
2024-04-09,90.10443626170951,91.10060176429208,88.93840825301572,89.17152939441804,89.2473449674867,333782.0,89.76326464557573,89.10495748890132,89.18840848544288,1.0,0.0
2024-04-10,88.70378056051649,89.25725180451431,88.51741976442602,89.15222399520917,89.12114088202604,714661.0,88.76035564383045,89.11840588922766,89.1938336086402,1.0,0.0
2024-04-11,91.47344555200182,92.38688957517182,91.34456650662186,92.03216760156175,92.00002465798178,969794.0,91.97623899043303,91.92737352300587,92.07689176383215,1.0,0.0
2024-04-12,87.88394306450105,88.5336630117014,86.79059931972836,87.37797614312215,87.34987232329009,714805.0,87.94978335193389,87.26319072709472,87.40848613301935,1.0,0.0
2024-04-15,89.22237168151256,89.73261392328877,88.46238829129138,88.87059401216378,89.05515583907639,689738.0,89.12546940486155,88.81911525553637,88.93022947008478,1.0,0.0
2024-04-16,89.34792278554525,89.49914253994521,88.62277716970829,89.06997111515908,89.10399009485721,634670.0,89.19244379241799,88.98518982087386,89.08979291005588,1.0,0.0
2024-04-17,88.86149386162951,89.04600938368904,,88.58318961467607,88.6212840754514,826331.0,88.5624302991269,88.5562942784996,88.66047980431887,1.0,0.0
2024-04-18,88.7848552025708,89.07121660914115,88.76945773904903,88.79029217526721,88.88177134417404,557828.0,88.6413994912505,88.67419187061765,88.87551558355118,1.0,0.0
2024-04-19,84.98965795795287,86.3419384129325,84.8901288079179,85.37266293306325,85.3930489994489,845715.0,85.3918097345309,85.34045368796035,85.45590564156511,1.0,0.0
2024-04-22,85.07314846619417,85.1505081407821,84.38163610985893,85.04091602085742,85.01888683948881,161929.0,84.74618699632884,85.00880024567347,85.08091266096979,1.0,0.0
2024-04-23,85.40316864474197,85.79966400432816,84.9768556522001,85.69330978634225,85.67648391789811,857771.0,85.16524575239922,85.69190452092845,85.8523426673615,1.0,0.0
2024-04-24,88.73872600672361,88.94254151173612,87.87355225437635,88.30817080684471,88.30184783059839,852878.0,88.6079025138864,88.27235080583723,88.40502309579156,1.0,0.0
2024-04-25,87.37696383327615,87.8128155505353,87.28347535576307,87.44125824564043,87.4380034864453,985296.0,87.6277210096504,87.4353654711945,87.6056858608912,1.0,0.0
2024-04-26,85.72644324477656,86.43912821621032,85.70524150528558,86.08174443842118,86.14438005884239,767689.0,85.84043945499565,86.03518547223693,86.14337180980733,1.0,0.0
2024-04-29,85.12782913205199,85.62981296788175,84.8405995399313,85.26484369983139,85.2692728576656,880965.0,85.25735055055613,85.18940553943374,85.29350633363525,1.0,0.0
2024-04-30,87.06306941346234,87.09422329485581,86.39595325388258,86.88368438273741,86.94733885197236,387313.0,87.03329019637138,86.79652152372269,86.92482016631301,1.0,0.0
2024-05-01,87.25393694458853,87.70954452712027,87.08710316518584,87.50056803752376,87.49350529091421,187468.0,87.42362182600036,87.32059229984056,87.55554525040439,1.0,0.0
2024-05-02,86.26556516706185,86.82912588507959,86.19376969798783,86.62167570939387,86.62848722134878,134594.0,86.27117197165612,86.57235684008545,86.72267735325762,1.0,0.0
2024-05-03,87.66591103969954,87.81216500189656,87.34363246500504,87.5592257219167,87.38426481714207,291703.0,87.55443285127662,87.3635764794226,87.56548144833346,1.0,0.0
2024-05-06,87.88077480772745,88.33667387870419,87.64636084291463,87.77326722619041,87.85369630004882,145033.0,88.14254688182181,87.70511288095531,87.8594003733801,1.0,0.0
2024-05-07,89.30807835355499,89.76334585400339,88.21168766717172,89.53502420093174,89.5660470550066,687421.0,89.24860581218155,89.34778095658211,89.64566368141524,1.0,0.0
2024-05-08,88.12276061537793,88.44998789913251,87.84176357554276,88.33079655910352,88.41895158708147,173861.0,88.28141532235912,88.2971976392423,88.36846927451782,1.0,0.0
2024-05-09,87.89959110782992,88.32975575987214,87.5646222062206,87.79772382625978,87.54343919643482,807650.0,87.9579802228367,87.77296320606287,87.82749123215558,1.0,0.0
2024-05-10,86.52441703249552,87.34907222778011,86.2548326786044,87.15545931202426,87.33747256863504,393894.0,86.67239270307519,87.14501176509472,87.29426319103106,1.0,0.0
2024-05-13,84.08775165822517,84.84345384794342,83.8542075479863,84.68369784319792,84.67187687730518,664749.0,84.26251968226012,84.66518423295189,84.7478499540457,1.0,0.0
2024-05-14,84.92315855880409,85.55190925450206,84.65251391842612,85.2293211250218,85.32377079417475,567016.0,85.14689326185861,85.2220050062837,85.26931697873108,2.0,0.0
2024-05-15,85.62684288321009,86.11355687703451,85.11778422473667,85.71832454432759,85.62918555057067,178222.0,85.78404767348498,85.66860551576548,85.77813311521018,1.0,0.0
2024-05-16,85.90329825068683,86.27680833426382,85.16078259227871,85.76996559466453,85.82252319141905,736308.0,85.9664083569121,85.69877976763532,85.77507345070785,1.0,0.0
2024-05-17,86.04125210679247,86.62445600066722,85.16745183034662,85.41119243799015,85.32121895860675,910658.0,85.6638181529571,85.36397413846166,85.44039347721647,1.0,0.0
2024-05-20,83.42507018459784,83.59752436368883,82.72313212244289,83.06884620790534,83.01703044004003,893153.0,83.2757176325355,83.01438540856057,83.08314413171296,1.0,0.0
2024-05-21,82.34821802336867,83.1874964065911,82.15411686828409,82.41412399256664,82.57186720988989,644897.0,82.72191280089419,82.28821798876083,82.51323746807203,1.0,0.0
2024-05-22,81.8843146345255,82.20893713692674,81.6582226069938,81.89210102061847,81.8764856381923,754801.0,81.74918834955193,81.86285715727547,81.92538706590045,1.0,0.0
2024-05-23,80.22472361839668,81.13066337831067,79.97083971765306,80.6288877564664,80.64641912719257,303981.0,80.7281115398545,80.56483750502255,80.74038678275755,1.0,0.0
2024-05-24,80.40197254219532,81.12454497392568,80.320395486442,80.40941569443443,80.4793773322737,204211.0,80.82816170123513,80.36445402273361,80.465839592388,1.0,0.0
2024-05-27,80.98532467014337,81.70904294720077,80.37155952379382,81.1023791820828,81.14258016251485,286321.0,81.46756147713887,80.91966469590668,81.14970959546086,1.0,0.0
2024-05-28,84.39838847110465,84.67452550544024,83.61044054038796,84.26242323152526,84.2750978929725,,84.27535046102882,84.21988498481008,84.31954841766013,1.0,0.0
2024-05-29,84.24951723827326,84.62294574298927,83.4930081033868,84.59943358461422,84.63030907870333,587689.0,84.28105957656501,84.53217097617325,84.63378816226889,1.0,0.0
2024-05-30,85.2997860316761,85.41919235127942,84.81818217448838,85.07885898742242,85.2833388430871,960952.0,85.29484865472011,84.94051981903318,85.18952423324974,1.0,0.0
2024-05-31,85.6461384486602,86.12810740249704,84.83000151966868,84.99476453364913,84.98986723756255,556956.0,85.53601727852296,84.95261916478653,85.0106044188911,1.0,0.0
2024-06-03,81.79125149171053,82.83650362012334,81.67434505138274,81.83575383539161,81.85221092747511,950741.0,82.21926530194318,81.80683366612683,82.00369439910942,1.0,0.0
2024-06-04,81.99764302144561,82.05062218319767,81.69642761595365,81.83327609012979,81.91925458139359,129984.0,82.02290822608936,81.71926924574154,81.90023102393214,1.0,0.0
2024-06-05,82.25575387625281,82.30074563275463,81.70297451337818,81.97288839421046,82.06351154812972,743235.0,82.04068412866603,81.87239509530387,82.17974595096999,1.0,0.0
2024-06-06,85.9826290643272,86.46810955497055,85.11841570832632,86.15546574744086,86.25773489627274,829182.0,86.14117026683596,86.08773974216811,86.31060233035751,1.0,0.0
2024-06-07,85.96377799018401,86.17052484422523,85.79159647042495,85.86756660964113,85.92241281952681,105901.0,85.76422139011977,85.8621377652803,85.93342588347565,1.0,0.0
2024-06-10,86.43564020077203,86.5323979956185,86.0852134362162,86.43019838228363,86.33140824092442,262624.0,86.37187344646384,86.2986924453568,86.51957595323576,1.0,0.0
2024-06-11,86.45561483375987,86.79731960903939,85.81745380383498,86.41341220892556,86.55456260124134,322317.0,86.64107277566026,86.39772066995486,86.45867305774269,1.0,0.0
2024-06-12,84.13282494976106,84.65836348987676,83.82534890425629,84.45926413733804,84.36244464899644,393199.0,84.05823645010652,84.31490963730863,84.60606958096949,1.0,0.0
2024-06-13,86.46574609108376,87.27939935233081,86.44083094980907,86.45515093700851,86.48131533183465,793045.0,86.5428613698179,86.3582846268326,86.51527783437447,1.0,0.0
2024-06-14,88.02768351617422,88.61985456627046,87.02114774347585,87.80903975739878,87.74280751929639,245788.0,87.98748350084713,87.799386232179,87.94576708505863,1.0,0.0
2024-06-17,89.90149893963071,90.61764826875799,89.02290369316505,89.25389782314646,89.2481732257131,738387.0,89.7696541912507,89.1658364480231,89.30354241010974,1.0,0.0
2024-06-18,88.1096650145462,88.33488022454887,87.59095835239872,87.68907714717807,87.71790601953826,635426.0,87.77726121234618,87.64798754231197,87.76030170399085,1.0,0.0
2024-06-19,91.20061152556706,91.6518743494482,90.22180262129653,90.2292117461327,90.25820755437172,790658.0,90.75027269162524,90.09998816299614,90.28848427180327,1.0,0.0
2024-06-20,87.44168304554901,87.83367291981479,86.92210750579747,87.77846600536536,87.81550156194797,123429.0,87.28735971918904,87.75463200342381,87.91350176402347,1.0,0.0
2024-06-21,89.24679141645656,89.27165776457521,87.73651649113344,88.85922274762798,89.00261587673562,674488.0,88.95263917237956,88.73468070556265,88.92202999502128,1.0,0.0
2024-06-24,92.97017596380384,93.47881185385558,92.63847852533645,92.88502732773719,92.92715387372738,302380.0,92.94553300433499,92.78201281218713,92.97143419623151,1.0,0.0
2024-06-25,92.1061065668293,92.8855382045548,90.88559702481543,91.10855763309834,91.08631287422047,541460.0,92.0752977421307,91.07550910500194,91.18918810401902,1.0,0.0
2024-06-26,89.76329064939029,90.81681337148127,89.29465406792492,90.12754033095423,90.21443113609669,872577.0,90.01517274206608,90.08224227779813,90.14638322642364,1.0,0.0
2024-06-27,89.97315617703305,90.4238931142285,89.66639652957336,90.35251106220713,90.45998270771585,345127.0,90.06439026490216,90.2715553201027,90.43988810637336,1.0,0.0
2024-06-28,89.22380115310503,89.68301761751593,88.39994991700776,89.49200540242629,89.38214431720199,987700.0,89.14317271449677,89.40869897756652,89.7101662915708,1.0,0.0
2024-07-01,85.88075461861996,87.2418186845463,85.63001365262559,86.80255246885889,86.85440831976693,860801.0,86.34659260211399,86.77189316546473,86.84419924355244,1.0,0.0
2024-07-02,86.73652285748948,87.68470880510974,86.58070412426414,86.96513463872674,87.02611222066682,,87.01104865230505,86.9634140061252,86.98025671392442,1.0,0.0
2024-07-03,84.8562227861335,85.53012206448093,84.60561909661884,85.17953562407456,85.15418930303969,772280.0,85.47019961925645,85.12641720271463,85.19396923143525,1.0,0.0
2024-07-04,86.09787648189442,86.12943908830887,85.55625571594489,86.03318220172486,86.15153863665064,656110.0,85.8959355561375,85.89993719905856,86.04605254881288,1.0,0.0
2024-07-05,84.65226777875905,85.19825835630411,84.16117646727632,84.50786244380743,84.49518156689956,664396.0,84.57803794139139,84.49888950310185,84.59825275169463,1.0,0.0
2024-07-08,88.03024002021168,88.60027049596088,86.99091366912589,87.2121158770376,87.22306766524919,582315.0,87.71989127612768,87.171165237987,87.22865374690086,1.0,0.0
2024-07-09,86.30772112209537,86.45262518301237,85.44138218194364,85.89951638180575,85.88464959580045,107967.0,86.21289362465521,85.88274040420477,85.97326224649431,1.0,0.0
2024-07-10,85.14436964317032,86.10327504231063,84.64657496329514,85.39068062222263,85.39201092769906,997151.0,85.0787447806435,85.3646653413105,85.40360857383646,1.0,0.0
2024-07-11,86.44471874229716,86.94749477378875,85.84731701611027,86.83478697530728,86.7395921616704,636159.0,86.59732733104019,86.61754345678445,86.84454320153897,1.0,0.0
2024-07-12,84.97410836839781,85.61274952935506,84.49067772602429,84.76561920254603,84.64355239779977,325371.0,84.82189053125404,84.63565023135509,84.81997518920039,1.0,0.0
2024-07-15,84.63231564164381,85.29938003477707,84.5615976910298,85.19470000166561,85.33054338217819,308524.0,85.01596838702692,84.99905522266629,85.24609677431964,1.0,0.0
2024-07-16,88.29625552863466,88.41665787865027,87.43085416159838,87.4950377592698,87.42093284411806,829630.0,87.822888753913,87.45071185385687,87.50987990292529,1.0,0.0
2024-07-17,85.26911346649327,86.41891913230955,84.2578383415492,84.76921241586717,84.68517286720865,264685.0,84.78624962867896,84.5558115944673,84.83272209960909,1.0,0.0
2024-07-18,84.92567470818013,85.14847781205718,84.57878064292127,85.12536845946825,84.94206033261075,652467.0,85.00736263073617,85.00194176744274,85.15445825924878,1.0,0.0
2024-07-19,84.87844549025664,85.71062143538126,84.72198340350224,85.61176786841612,85.55706522359613,351537.0,85.29226579583104,85.39906822477535,85.61847543647615,1.0,0.0
2024-07-22,87.59340930359969,87.89832474896404,86.83333360804069,87.00444473283277,86.88933004002567,807548.0,87.23123317746042,86.9432808291534,87.05272103810034,1.0,0.0
2024-07-23,84.87226221899188,85.705971395104,84.86006402824407,84.92089635062545,85.06033774984556,941531.0,84.98116539737704,84.82247173714475,84.99243375468868,1.0,0.0
2024-07-24,83.26106788628117,83.7300629232986,82.219975415972,82.7489280217629,82.83248930340406,659550.0,82.77234689446311,82.73890563723634,82.782894457824,1.0,0.0
2024-07-25,82.99213177167331,83.77154836855982,82.91283317650056,83.65907347496126,83.60150345467221,964645.0,83.46274755925447,83.61850158193819,83.70509391775535,1.0,0.0
2024-07-26,83.94721511154387,84.66539557105098,83.92772401705837,84.19955064956025,84.38920473223723,479551.0,84.33350995802394,84.13425848936876,84.2298651918336,1.0,0.0
2024-07-29,84.66697835418483,85.75637134798126,84.0890991119925,84.66475857133153,84.74787950926135,571082.0,84.64522483418067,84.46288758906455,84.71385880046368,1.0,0.0
2024-07-30,85.3161084309037,85.34136986259115,84.9778096403544,85.29607213033127,85.26836528921332,972701.0,85.14079972122708,85.1731491784386,85.36688963682197,2.0,0.0
2024-07-31,83.99649301470367,84.19180218879193,83.72540097714209,84.18593893619989,83.97552411931075,160545.0,84.01427305394856,84.14448990395674,84.21811942716481,1.0,0.0
2024-08-01,84.88372642957052,84.89396556604218,83.70492279142886,84.62019800655244,84.81405802066672,334555.0,84.90959616789523,84.50656117046701,84.68823070571665,1.0,0.0
2024-08-02,84.70562700485318,85.24456567319064,,85.16022096320847,85.0418846648945,323894.0,85.01400700397436,85.11076179840896,85.35107647831457,1.0,0.0
2024-08-05,83.93437599810862,84.05479839812443,83.84240476809735,83.99417123233287,83.85596732823551,827506.0,83.79802598753405,83.92246431259052,84.02863248151927,1.0,0.0
2024-08-06,87.28374023635247,87.53409706431246,87.1225022507886,87.23127253118162,87.32047265121858,402066.0,87.34593875085066,87.21974607683138,87.44282705880124,1.0,0.0
2024-08-07,88.33253033469897,,87.41099009712016,88.10590483990133,88.32086143324717,667201.0,87.86328148039443,87.98866962199236,88.10856314189022,1.0,0.0
2024-08-08,86.3807840685741,86.39493033438444,86.03351191906579,86.07452450725516,86.19367513189677,459177.0,86.34474930289136,86.05770767255412,86.08081082930369,1.0,0.0
2024-08-09,86.76518762465105,87.49293054794994,86.64414084947715,87.25584560830106,87.30504997541746,466936.0,87.3312038599722,87.1692475992159,87.35284955198884,1.0,0.0
2024-08-12,84.95747038113892,85.91932855082908,84.69924363254371,85.6141800150237,85.66509942029576,350497.0,85.58411989434435,85.6086946888149,85.63884770652197,1.0,0.0
2024-08-13,87.57194470839315,87.61854621846683,86.93486279328795,87.01605273979945,87.09031359307124,543057.0,87.4136424906875,86.96468929720841,87.08860978609795,1.0,0.0
2024-08-14,89.24850935756056,89.36229104043532,,89.10046269642115,89.16808358492467,801692.0,89.04918347753976,88.96854339761883,89.1259803448622,2.0,0.0
2024-08-15,87.36558387985157,88.35322600848866,87.28079995207759,87.69377191795381,87.71843065455266,585278.0,87.44523662142923,87.63156631559362,87.7224845927304,1.0,0.0
2024-08-16,90.13821749918286,91.33298596504633,88.96435506273518,89.44450737759092,89.45382759400209,256104.0,89.71806353449503,89.41375234677223,89.6381291773232,1.0,0.0
2024-08-19,90.28327507925815,90.7759991460732,89.76796987807487,90.23108783882013,90.22543999279853,793206.0,89.75797895124495,90.16170939329999,90.35187313411888,1.0,0.0
2024-08-20,92.31386944886493,92.88902417777689,91.71171787001684,91.77273282191132,91.70353943114007,814834.0,92.29974399894427,91.69550673677233,91.84901155377088,1.0,0.0
2024-08-21,95.40095801690543,96.3899750894786,95.03491396918086,95.36876224690107,95.34199461222673,144936.0,95.52900073987819,95.25761542197246,95.50390396215445,1.0,0.0
2024-08-22,95.92765759719077,96.0920236881295,94.38198012953887,94.94932448023285,94.78857937435079,785154.0,95.51111171450734,94.84944249981274,94.98658878026487,1.0,0.0
2024-08-23,94.3967847099822,94.57209882728166,92.86283534027321,93.57550022301464,93.56629804324558,816948.0,94.11985143946794,93.48389399616421,93.6344148092652,1.0,0.0
2024-08-26,91.85697195863513,92.61871446690326,91.60026761637565,91.97145993967642,91.88053777226837,302056.0,92.03023848393546,91.89689834091546,92.07717409117433,1.0,0.0
2024-08-27,90.96803659693619,91.32181888144856,90.35752176193722,90.52826344193356,90.42835741749295,325469.0,90.82041502112519,90.47981511695929,90.58014809138672,1.0,0.0
2024-08-28,90.72579860419587,91.22958800664796,89.72609619259981,90.43397902874368,90.45024757263648,128141.0,90.44479667005395,90.35994700064398,90.49483080671887,1.0,0.0
2024-08-29,91.72206392047839,92.52567322856673,91.06871260237648,91.09866140623078,91.22547095119117,237478.0,91.54037250931901,90.98888719846886,91.11363952386998,1.0,0.0
2024-08-30,91.20781946300522,92.07877022083059,90.95462677202232,91.649995617673,91.73415933058874,197359.0,91.60607338799969,91.59611185932789,91.68410487569896,1.0,0.0
2024-09-02,93.54522216031096,94.13996167956248,92.34857650172572,93.2254349315919,93.07902432975881,254363.0,93.28225527654283,93.12422998894976,93.28020467091402,1.0,0.0
2024-09-03,93.7900522533324,94.12848055631433,92.62084490521258,93.29631672257219,93.20398806250515,665856.0,93.39929538304217,93.27827360833352,93.32835571328539,1.0,0.0
2024-09-04,95.25130556830258,96.63883653328118,94.20410987800547,96.096347774967,96.18675245022459,721827.0,95.54414967289101,96.01768170182933,96.28514779356837,1.0,0.0
2024-09-05,95.07103138553663,95.88766427408555,94.86186824758109,95.63684695193861,95.54288495545057,671139.0,95.53340132566342,95.54888519011271,95.7141400381396,1.0,0.0
2024-09-06,100.00428746310705,101.28166943120476,99.75324958823592,101.03445098061705,101.01175529363506,593158.0,100.37916388282076,101.02294117353597,101.05004232678365,1.0,0.0
2024-09-09,102.21996001922373,102.98331133758069,101.69800813053664,102.35783952686131,102.41414167134467,679111.0,102.30116605230927,102.18644702960776,102.3694539723127,1.0,0.0
2024-09-10,101.02954957698054,101.38971912822761,100.31183501104324,100.66838049284972,100.57089882481937,123312.0,100.89934352889914,100.57816255106354,100.6996636422548,1.0,0.0
2024-09-11,99.32503118434623,99.44438282267846,98.46431085787029,98.5844856977697,98.59487408784824,527387.0,99.18417111953252,98.53260122208313,98.63519764954395,1.0,0.0
2024-09-12,99.6270542739446,99.81376573862832,99.30927531740724,99.59015871923323,99.45730290845881,534995.0,99.53740274287162,99.44019403696488,99.64888923604958,1.0,0.0
2024-09-13,100.0034012319358,100.35889330673629,98.5606403046314,99.19564339748536,99.13599034712519,824188.0,99.38675514725577,99.06369503040276,99.28748062702742,1.0,0.0
2024-09-16,99.97795182771338,100.89626995394568,99.54181934402075,100.67264414263136,100.70483743549053,600531.0,100.17503546991105,100.53905471191582,100.68284799078435,1.0,0.0
2024-09-17,100.81483021710292,101.86435368704262,100.4870806102886,101.68083697773697,101.51886004161118,985155.0,101.42493899777332,101.65721039022169,101.79089299466071,1.0,0.0
2024-09-18,101.55540412553525,102.17246238489282,101.50504490090718,101.583617806609,101.62836282404345,898843.0,102.1177234066952,101.49081154245079,101.66372142807407,1.0,0.0
2024-09-19,100.11954194514429,100.66071977100927,99.00499769978403,99.92764815988441,99.92568580082263,596037.0,99.66566391617606,99.8136527565052,99.94528412173902,1.0,0.9
2024-09-20,96.97817703039507,97.29274340072723,96.45930268086354,96.99403300777416,97.04762123664936,349062.0,96.71872652797515,96.9933731478241,97.00201851552394,1.0,0.0
2024-09-23,95.18555067394253,96.46500306576134,94.45951090663537,96.17978131930332,96.20131733175197,943441.0,95.54019684261672,96.13634338482201,96.24316681032043,1.0,0.0
2024-09-24,97.8466481786204,98.04177602109742,97.5081437511923,97.89026810142597,98.0238041738441,508638.0,97.84341684296962,97.78504594452401,97.91723787762463,1.0,0.0
2024-09-25,97.71795333571593,98.51987948285336,97.695680474621,98.35948809725663,98.37180511523432,535684.0,98.22761167404899,98.33884125157404,98.44939082927499,1.0,0.0
2024-09-26,96.30854103666081,96.91100565272495,95.87035397842631,95.98714126891849,95.94592385858084,656659.0,96.09768305272041,95.82524559512099,96.07817978090551,1.0,0.0
2024-09-27,96.54499501398968,96.99104593380028,96.25211506115235,96.36835266865182,96.38013827755455,157022.0,96.33386393243046,96.3145049449927,96.50441288294925,1.0,0.0
2024-09-30,96.7058336237365,,96.53560457072824,97.16243868428464,97.21522684571816,433373.0,96.94080098548677,97.07328775440207,97.2159665582801,1.0,0.0
2024-10-01,95.26232612559414,95.75733781985365,94.6662033416628,95.50771740722372,95.51238392101288,199071.0,95.24914582517188,95.27349361981304,95.66971559829324,1.0,0.0
2024-10-02,95.34209422544534,96.35245703450168,94.65383652084077,95.84972082729308,95.85361152956288,282268.0,95.72662265829807,95.70038994804416,95.88121080655125,1.0,0.0
2024-10-03,95.97927537497293,96.34748222619149,95.93985132210634,96.00936427638601,95.94196650071238,458918.0,96.16263363124887,95.9914947881007,96.05179736203478,1.0,0.0
2024-10-04,94.33484837601394,94.99918329019363,93.3619788261807,93.88647365446391,93.82423622493275,589626.0,94.25019410390081,93.81430440708944,93.91802645591054,1.0,0.0
2024-10-07,94.14171529803353,95.34435105143783,93.98039153811298,94.60800316257928,94.47530547858901,388859.0,94.49886439818029,94.59148102414294,94.6299189187608,1.0,0.0
2024-10-08,95.96416352409497,96.25493971443578,95.50431074578808,95.7229195039392,95.89039409769325,914037.0,96.31320267875715,95.5807688474205,95.82800817987852,1.0,0.0
2024-10-09,97.60844134960406,98.494482164057,97.33037086882672,97.86791739356498,97.74618308919482,724141.0,97.66139704383292,97.76535748643218,97.88667925211013,1.0,0.0
2024-10-10,99.60601813976902,100.87988303829482,99.38304580501695,100.00246432538343,99.93317209805997,655462.0,100.08997552224834,99.96892392658187,100.07162778673604,1.0,0.0
2024-10-11,97.28123821852705,98.34653189548479,96.96861388897133,97.33332632328683,97.26340135447417,597660.0,97.23488265713571,97.26143292942746,97.4429768717853,1.0,0.0
2024-10-14,95.07777930742517,96.38315543675222,94.44591495279599,95.57248270218516,95.65801284672045,176373.0,95.16508023326156,95.55642126232664,95.617228093909,1.0,0.0
2024-10-15,96.3428863622645,96.71225989913883,96.24821927866284,96.61032756599587,96.58183238096059,955684.0,96.36123178500985,96.50231570738336,96.79271094210308,1.0,0.0
2024-10-16,97.07209669786897,,96.72797429129005,97.65700251974344,97.77885327047854,293021.0,97.60735969149017,97.6441646863671,97.72781684408412,1.0,0.0
2024-10-17,99.68727205873687,99.95887954502047,98.67321579083821,98.71750821152655,98.65102289529737,293718.0,99.3116068116092,98.57834675525689,98.84031811220692,1.0,0.0
2024-10-18,106.69702232116698,106.909955495678,105.91006740192665,106.67821305761494,106.7079756562945,694305.0,106.42298509263172,106.62860973359211,106.76604754626389,1.0,0.0
2024-10-21,107.57948792058266,107.97750460195408,107.21565823313786,107.95718991836807,107.86700819789156,163037.0,107.76310061802116,107.85689985300891,108.02506431595718,1.0,0.0
2024-10-22,110.61054181388586,111.2207259086565,109.49737563527154,110.49232612348227,110.72934864049171,714106.0,110.46300690584715,110.25409350516843,110.627842982534,1.0,0.0
2024-10-23,112.61380484463731,112.74144302738173,112.59119314655321,112.67708883280446,112.54327370024578,630836.0,112.54503507474699,112.5085230952026,112.87665076278248,1.0,0.0
2024-10-24,114.0855349008979,114.29755260729883,113.26938118665778,114.2117214926991,114.24710664936822,741269.0,113.64771100572017,114.15950048157714,114.421597721109,1.0,0.0
2024-10-25,113.89929436566025,114.10637023762972,113.47786771562858,113.550599381111,113.62256512581473,334213.0,114.08582589018421,113.54171170032217,113.61771023310553,1.0,0.0
2024-10-28,115.78190769362877,115.81487405837491,114.95225429833548,115.34503393103661,115.39276360197279,304366.0,115.52197437005681,115.30516958983702,115.57471502993845,1.0,0.0
2024-10-29,113.3313011053126,113.80759427692136,112.8549449694492,113.63271252732181,113.6116577880457,602420.0,113.89967094235985,113.47395859403717,113.673142248161,1.0,0.0
2024-10-30,112.82656439894421,114.11988808628183,112.45839779179893,113.15234030654493,113.13765079054986,254249.0,113.35207230131098,112.80302147641058,113.23929981657659,1.0,0.0
2024-10-31,111.96111002866496,112.87105859170681,111.71133406636932,112.11529754299427,112.12020947921101,386166.0,112.28837728056098,112.06498238162368,112.25677963506361,1.0,0.0
2024-11-01,111.06203431693885,112.77274628592802,110.01275312942121,112.35519836233041,112.33868192327778,730585.0,111.45358834343047,112.23951355335673,112.37539066477767,1.0,0.0
2024-11-04,116.84562739558108,117.83818864326216,116.58137731734286,117.73760220833486,117.85108702436499,760902.0,116.99383882535119,117.71941580851949,117.92037540838416,1.0,0.0
2024-11-05,114.25402481424304,114.35912899762828,112.10318020895448,113.47847080597484,113.72931757587686,322084.0,113.49925506569792,113.42961007757476,113.5680011610488,1.0,0.0
2024-11-06,116.0509753344856,116.06167171404304,114.19269154344886,115.1042613663156,115.04009168618448,589536.0,115.09302029150898,114.83382064598005,115.15857441640148,1.0,0.0
2024-11-07,111.36778078554508,111.70041494615897,110.94435232188711,111.5066266289449,111.35388451954576,160428.0,111.52462981153886,111.46932775134455,111.55095383826406,1.0,0.0
2024-11-08,110.83293983136265,111.13205559221826,110.08013976746112,110.51435073918134,110.50459430592588,778100.0,111.00114440759762,110.46611949934915,110.54727240246449,1.0,0.0
2024-11-11,113.17999601181788,113.62043864040295,112.7637409271354,113.00413324213952,113.29565105985779,421497.0,113.08303689386022,112.8542510916735,113.06812532212356,1.0,0.0
2024-11-12,114.94883406911791,115.06139498777515,112.65875576287728,113.20609372230889,113.11511286384508,737420.0,114.18405458363037,113.06774191720024,113.22308987775718,1.0,0.0
2024-11-13,111.46797890161181,112.01326508227733,110.8210252617005,110.84746867697793,111.0291606257273,287604.0,111.13402941065407,110.83514552442247,110.91793768682415,1.0,0.0
2024-11-14,109.2576914148906,109.55078254414565,109.25572338936927,109.32761604152243,109.51103507195633,640340.0,109.28180508805508,109.16202439935749,109.40489504687119,1.0,0.0
2024-11-15,110.34941475105406,111.82306758888183,109.71029042345063,110.87916236937323,110.81778096883511,200689.0,110.51006626775508,110.65344806250472,110.88389733036215,1.0,0.0
2024-11-18,108.4478036232577,109.88850186281064,107.63260240426978,109.3259348520164,109.38813945906331,802436.0,108.35943978106387,109.32287903304133,109.41876191265618,1.0,0.0
2024-11-19,109.96692307371768,110.22677352868442,109.3732515190367,109.85516541684515,110.03405319724317,546636.0,109.84750160365306,109.8092254061649,110.04991568478214,1.0,0.0
2024-11-20,109.59429654565949,110.15115809137572,109.47321447969621,110.01032851546772,109.96862054813236,756031.0,109.83545927202438,109.81590755306752,110.24425839317765,1.0,0.0
2024-11-21,107.86771075391032,109.17408008999341,107.85321018439012,108.64028096699553,108.61816393947466,362307.0,108.6148646731553,108.48264682408833,108.68731967545924,1.0,0.0
2024-11-22,113.08989465822673,114.401480782584,112.97206470922985,113.45668473766386,113.39068914959208,403568.0,113.66056393742215,113.36158576271701,113.55198946775347,1.0,0.7
2024-11-25,114.3400722230798,115.54482432594382,113.17281166149974,114.96175550889305,114.84509729371814,602754.0,114.69012401635017,114.9107563698299,115.18956132836006,1.0,0.0
2024-11-26,111.38548101051991,112.41071431920365,110.3172173004206,110.45372561435562,110.38201049054533,563547.0,110.92527231299594,110.33265474254162,110.52782195388922,1.0,0.0
2024-11-27,111.41079857721155,112.1235920357367,110.54359837277055,110.92183308739376,110.78607138941503,503850.0,111.35219362800039,110.91784041031451,110.99168054935151,1.0,0.0
2024-11-28,109.51375453131526,109.86026505547828,108.96529869182882,109.51812027476836,109.52185303214456,235870.0,109.81083490834558,109.4728116243842,109.60226775032247,1.0,0.0
2024-11-29,112.28173022623963,112.29637796754508,111.30032675876208,111.45697970696114,111.37116081617212,384564.0,111.91881783613337,111.33762095889344,111.61835396966042,1.0,0.0
2024-12-02,109.80159289261226,110.08579181772596,108.77257092310992,109.75913350057323,109.78479363967601,610259.0,110.00561745662345,109.70702275663602,109.88394515316854,1.0,0.0
2024-12-03,109.09050079738883,109.95989317136763,108.74095145404858,109.56232228360736,109.39185474337833,744863.0,109.7799180434397,109.31178415479327,109.6652457628472,1.0,0.0
2024-12-04,111.57310810933423,111.67729885135539,110.41359897814213,110.72983174531768,110.76647005775864,882518.0,111.03880659857168,110.71590733914105,110.73219939395567,1.0,0.0
2024-12-05,113.02390177913152,113.45078341089119,112.3974634691883,112.7201716160827,112.81412714368221,391444.0,112.74071375053691,112.71857121233444,112.76274914300373,1.0,0.0
2024-12-06,109.5304656859012,110.43812242345969,108.7641054227544,110.10147735576585,109.8819641160619,976313.0,109.54146491295822,110.00656439026885,110.22510633594148,1.0,0.0
2024-12-09,109.31791524728408,110.19165020529825,108.81252011436686,109.42205149045353,109.46298152769972,110749.0,109.10419448123422,109.41165640830992,109.47868219213902,1.0,0.0
2024-12-10,107.96702191263128,108.94237529507522,107.93483134535212,108.44178996625212,108.57492058928199,728419.0,108.20919626568936,108.32518634961752,108.45820948794986,1.0,0.0
2024-12-11,106.34717044918577,107.81131691504606,106.00317097034326,107.08757379032016,106.95803626847126,780481.0,107.07029509925988,107.05225202994752,107.13217163601631,1.0,0.0
2024-12-12,111.50575783325542,112.04983526636764,110.60428222038192,110.99176741853591,111.17740918388645,399631.0,110.79734521099495,110.69953448180162,111.02518087702921,1.0,0.0
2024-12-13,113.01917145150463,113.61458006580109,111.73011775984969,111.9503719360966,111.99728127004343,325019.0,112.34497028284474,111.74823373183484,112.14572717446832,1.0,0.0
2024-12-16,108.45339960041623,109.73559047845497,107.96796586035998,109.2171373343219,109.14013795764922,526577.0,108.81584845032036,109.16075485140726,109.2352301299123,1.0,0.0
2024-12-17,111.60949390446739,113.07848805456587,110.94275110828788,111.29621218636183,111.2900052992614,907655.0,111.53571746235296,111.22091972881987,111.33884791924164,1.0,0.0
